{
  "hash": "4272bce2",
  "configHash": "b94d7aed",
  "lockfileHash": "d1626fcc",
  "browserHash": "55c9c435",
  "optimized": {
    "@angular/core": {
      "src": "../../../../../node_modules/@angular/core/fesm2022/core.mjs",
      "file": "@angular_core.js",
      "fileHash": "f25ea124",
      "needsInterop": false
    },
    "@angular/platform-browser": {
      "src": "../../../../../node_modules/@angular/platform-browser/fesm2022/platform-browser.mjs",
      "file": "@angular_platform-browser.js",
      "fileHash": "342841ae",
      "needsInterop": false
    },
    "@angular/router": {
      "src": "../../../../../node_modules/@angular/router/fesm2022/router.mjs",
      "file": "@angular_router.js",
      "fileHash": "5b0ea8f5",
      "needsInterop": false
    },
    "@angular/common/http": {
      "src": "../../../../../node_modules/@angular/common/fesm2022/http.mjs",
      "file": "@angular_common_http.js",
      "fileHash": "af51a1c2",
      "needsInterop": false
    },
    "@angular/material/table": {
      "src": "../../../../../node_modules/@angular/material/fesm2022/table.mjs",
      "file": "@angular_material_table.js",
      "fileHash": "270b6a09",
      "needsInterop": false
    },
    "@angular/material/paginator": {
      "src": "../../../../../node_modules/@angular/material/fesm2022/paginator.mjs",
      "file": "@angular_material_paginator.js",
      "fileHash": "fb9aaf13",
      "needsInterop": false
    },
    "@angular/platform-browser/animations": {
      "src": "../../../../../node_modules/@angular/platform-browser/fesm2022/animations.mjs",
      "file": "@angular_platform-browser_animations.js",
      "fileHash": "5a450dd4",
      "needsInterop": false
    },
    "tslib": {
      "src": "../../../../../node_modules/tslib/tslib.es6.mjs",
      "file": "tslib.js",
      "fileHash": "0e2bb8c7",
      "needsInterop": false
    },
    "@angular/forms": {
      "src": "../../../../../node_modules/@angular/forms/fesm2022/forms.mjs",
      "file": "@angular_forms.js",
      "fileHash": "67391060",
      "needsInterop": false
    },
    "@angular/material/input": {
      "src": "../../../../../node_modules/@angular/material/fesm2022/input.mjs",
      "file": "@angular_material_input.js",
      "fileHash": "ea5caa59",
      "needsInterop": false
    },
    "@angular/material/button": {
      "src": "../../../../../node_modules/@angular/material/fesm2022/button.mjs",
      "file": "@angular_material_button.js",
      "fileHash": "68e2e666",
      "needsInterop": false
    },
    "@angular/material/form-field": {
      "src": "../../../../../node_modules/@angular/material/fesm2022/form-field.mjs",
      "file": "@angular_material_form-field.js",
      "fileHash": "deac7331",
      "needsInterop": false
    }
  },
  "chunks": {
    "chunk-6K77MOF3": {
      "file": "chunk-6K77MOF3.js"
    },
    "chunk-HFYN2Z3F": {
      "file": "chunk-HFYN2Z3F.js"
    },
    "chunk-B3HBCWTN": {
      "file": "chunk-B3HBCWTN.js"
    },
    "chunk-2CZW4HG3": {
      "file": "chunk-2CZW4HG3.js"
    },
    "chunk-3FWR3QV4": {
      "file": "chunk-3FWR3QV4.js"
    },
    "chunk-SYKIHSWK": {
      "file": "chunk-SYKIHSWK.js"
    },
    "chunk-RCA4AQ7D": {
      "file": "chunk-RCA4AQ7D.js"
    },
    "chunk-7KJJWONL": {
      "file": "chunk-7KJJWONL.js"
    },
    "chunk-ZRSENX7R": {
      "file": "chunk-ZRSENX7R.js"
    },
    "chunk-D2OFP3L7": {
      "file": "chunk-D2OFP3L7.js"
    },
    "chunk-QOHD3WUR": {
      "file": "chunk-QOHD3WUR.js"
    }
  }
}